{
  "1501 Old Shell Rd, Mobile, AL 36604-2291, USA": {
    "lat": 30.6886812,
    "lng": -88.071732
  },
  "215 S Broad St, Lowndesboro, AL 36752-4307, USA": {
    "lat": 32.2753075,
    "lng": -86.6112905
  },
  "5801 Summerville Rd, Smiths Station, AL 36877-5008, USA": {
    "lat": 32.5373303,
    "lng": -85.095193
  },
  "1815 Rahling Rd, Little Rock, AR 72223-4677, USA": {
    "lat": 34.7713784,
    "lng": -92.4521146
  },
  "5410 Landers Rd, North Little Rock, AR 72117-1935, USA": {
    "lat": 34.7920941,
    "lng": -92.2227091
  },
  "12200 Westhaven Dr, Little Rock, AR 72211-5600, USA": {
    "lat": 34.7513181,
    "lng": -92.4093422
  },
  "1621 Dr Martin Luther King Dr, Little Rock, AR 72202-6068, USA": {
    "lat": 34.7435644,
    "lng": -92.2883246
  },
  "23 Corporate Hill Dr, Little Rock, AR 72205-4537, USA": {
    "lat": 34.7508598,
    "lng": -92.3874867
  },
  "801 W 29Th St, Little Rock, AR 72211, USA": {
    "lat": 34.720556,
    "lng": -92.282856
  },
  "1302 Melissa Dr, Bentonville, AR 72712-7942, USA": {
    "lat": 36.3620412,
    "lng": -94.2282033
  },
  "693 White Rd, Springdale, AR 72762-2795, USA": {
    "lat": 36.1909006,
    "lng": -94.165165
  },
  "3216 N State Line Ave, Texarkana, AR 71854-2667, USA": {
    "lat": 33.4534338,
    "lng": -94.0430202
  },
  "1445 E Indian School Rd, Phoenix, AZ 85014-4929, USA": {
    "lat": 33.4943468,
    "lng": -112.0511958
  },
  "1150 N Dobson Rd, Chandler, AZ 85224-4099, USA": {
    "lat": 33.324833,
    "lng": -111.8765015
  },
  "4602 N 31St Ave, Phoenix, AZ 85017-3499, USA": {
    "lat": 33.5047509,
    "lng": -112.1268328
  },
  "7785 W Peoria Ave, Peoria, AZ 85345-5922, USA": {
    "lat": 33.5804636,
    "lng": -112.2273963
  },
  "4535 N 28Th St, Phoenix, AZ 85016-4930, USA": {
    "lat": 33.5037935,
    "lng": -112.0210388
  },
  "4540 W Glendale Ave, Glendale, AZ 85301-2809, USA": {
    "lat": 33.5394137,
    "lng": -112.1568652
  },
  "5701 W Mcdowell Rd, Phoenix, AZ 85035-4947, USA": {
    "lat": 33.4649909,
    "lng": -112.1831633
  },
  "6633 W Camelback Rd, Phoenix, AZ 85033-1614, USA": {
    "lat": 33.5088111,
    "lng": -112.2024291
  },
  "434 W Lerdo Rd, Tucson, AZ 85756-6655, USA": {
    "lat": 32.1322498,
    "lng": -110.9759975
  },
  "1557 W Prince Rd, Tucson, AZ 85705-3023, USA": {
    "lat": 32.2721413,
    "lng": -110.9995224
  },
  "3420 N Burbank St, Kingman, AZ 86409-3105, USA": {
    "lat": 35.2241988,
    "lng": -114.029066
  },
  "1840 E Benson Hwy, Tucson, AZ 85714-1770, USA": {
    "lat": 32.1694206,
    "lng": -110.9440746
  },
  "12775 N 175Th Ave, Surprise, AZ 85388-5088, USA": {
    "lat": 33.599408,
    "lng": -112.434862
  },
  "5818 N 7Th St, Phoenix, AZ 85014-5806, USA": {
    "lat": 33.5221705,
    "lng": -112.0650861
  },
  "2598 Starlite Ln, Lake Havasu City, AZ 86403-4946, USA": {
    "lat": 34.491545,
    "lng": -114.317163
  },
  "15533 W Paradise Ln, Surprise, AZ 85374-5851, USA": {
    "lat": 33.6302882,
    "lng": -112.3955808
  },
  "4120 E Acoma Dr, Phoenix, AZ 85032-4753, USA": {
    "lat": 33.6201341,
    "lng": -111.9930527
  },
  "115 N. Columbia Avenue, Somerton, AZ 85350-2759, USA": {
    "lat": 32.5976235,
    "lng": -114.7064447
  },
  "1233 N Main St, San Luis, AZ 85349, USA": {
    "lat": 32.5008673,
    "lng": -114.7858308
  },
  "1445 W Baseline Rd, Phoenix, AZ 85041-7010, USA": {
    "lat": 33.3775821,
    "lng": -112.0910468
  },
  "16850 N 16Th St, Phoenix, AZ 85022-3082, USA": {
    "lat": 33.6399718,
    "lng": -112.0482771
  },
  "732 W Roger Rd, Tucson, AZ 85705-2621, USA": {
    "lat": 32.2793305,
    "lng": -110.9830757
  },
  "1122 N G Ave, Douglas, AZ 85607-1927, USA": {
    "lat": 31.3496477,
    "lng": -109.5547176
  },
  "3120 N 137Th Ave, Avondale, AZ 85392-1210, USA": {
    "lat": 33.4819248,
    "lng": -112.3559995
  },
  "2501 W 7Th St, Los Angeles, CA 90057-3801, USA": {
    "lat": 34.05872,
    "lng": -118.281617
  },
  "201 Brewington Ave, Watsonville, CA 95076-4022, USA": {
    "lat": 36.919409,
    "lng": -121.7524102
  },
  "217 N 10Th St, Montebello, CA 90640-4604, USA": {
    "lat": 34.0131561,
    "lng": -118.110141
  },
  "1320 N Acacia Ave, Fullerton, CA 92831-1202, USA": {
    "lat": 33.8840406,
    "lng": -117.8974961
  },
  "19175 3RD St, Oro Grande, CA 92368, USA": {
    "lat": 34.5987742,
    "lng": -117.3320593
  },
  "1557 W Mable St, Anaheim, CA 92802-1092, USA": {
    "lat": 33.8300377,
    "lng": -117.93514
  },
  "315 S Lower Sacramento Rd, Lodi, CA 95242-3322, USA": {
    "lat": 38.1290835,
    "lng": -121.3064855
  },
  "6130 Skyline Dr, San Diego, CA 92114-5620, USA": {
    "lat": 32.702541,
    "lng": -117.064835
  },
  "5150 Wilson St, La Mesa, CA 91942-9017, USA": {
    "lat": 32.773075,
    "lng": -117.007159
  },
  "655 W Sierra Madre Ave, Glendora, CA 91741-1997, USA": {
    "lat": 34.1469992,
    "lng": -117.8763692
  },
  "19722 Collier St, Woodland Hills, CA 91364-3618, USA": {
    "lat": 34.1647796,
    "lng": -118.5627547
  },
  "13082 Bowen St, Garden Grove, CA 92843-1001, USA": {
    "lat": 33.7726646,
    "lng": -117.9501347
  },
  "2285 Murray Ridge Rd, San Diego, CA 92123-3934, USA": {
    "lat": 32.786391,
    "lng": -117.144214
  },
  "7357 Jordan Ave, Canoga Park, CA 91303-1238, USA": {
    "lat": 34.2038599,
    "lng": -118.6029633
  },
  "585 Willow Ave, Hayward, CA 94541-2424, USA": {
    "lat": 37.6755713,
    "lng": -122.0980317
  },
  "6624 Lockhurst Dr, West Hills, CA 91307-3135, USA": {
    "lat": 34.1905749,
    "lng": -118.6489242
  },
  "1690 Church St, San Francisco, CA 94131-2453, USA": {
    "lat": 37.7438894,
    "lng": -122.4271031
  },
  "910 S Fairfax Ave, Los Angeles, CA 90036-4419, USA": {
    "lat": 34.0596968,
    "lng": -118.3627734
  },
  "2280 Damien Ave, La Verne, CA 91750-5296, USA": {
    "lat": 34.1036814,
    "lng": -117.7883813
  },
  "960 S Soto St, Los Angeles, CA 90023-1323, USA": {
    "lat": 34.0324954,
    "lng": -118.2158463
  },
  "5862 C St, Chino, CA 91710-4471, USA": {
    "lat": 34.0165014,
    "lng": -117.6773763
  },
  "5430 Torrance Blvd, Torrance, CA 90503-4084, USA": {
    "lat": 33.8375211,
    "lng": -118.3718332
  },
  "329 N Garfield Ave, Montebello, CA 90640-3803, USA": {
    "lat": 34.0251488,
    "lng": -118.131197
  },
  "25515 Eshelman Ave, Lomita, CA 90717-2621, USA": {
    "lat": 33.7921599,
    "lng": -118.3146307
  },
  "5330 Eastside Cir, Yorba Linda, CA 92887-2743, USA": {
    "lat": 33.8822335,
    "lng": -117.7465456
  },
  "9100 Falmouth Ave, Playa Del Rey, CA 90293-8299, USA": {
    "lat": 33.954481,
    "lng": -118.4329463
  },
  "42 Chestnut St, Pasadena, CA 91103-3802, USA": {
    "lat": 34.1501099,
    "lng": -118.1497241
  },
  "215 S Eureka St, Redlands, CA 92373-5112, USA": {
    "lat": 34.0518911,
    "lng": -117.1825063
  },
  "17720 Ventura Blvd, Encino, CA 91316-3716, USA": {
    "lat": 34.1624731,
    "lng": -118.5190324
  },
  "761 Broad St, San Luis Obispo, CA 93401-2228, USA": {
    "lat": 35.2819756,
    "lng": -120.6665004
  },
  "1940 Cunningham Ave, San Jose, CA 95122-1798, USA": {
    "lat": 37.3309704,
    "lng": -121.8270311
  },
  "530 S Glassell St, Orange, CA 92866-3099, USA": {
    "lat": 33.7800548,
    "lng": -117.8534432
  },
  "2900 W Pico Blvd, Los Angeles, CA 90006-3865, USA": {
    "lat": 34.047133,
    "lng": -118.303253
  },
  "9974 19TH St, Rancho Cucamonga, CA 91737-4234, USA": {
    "lat": 34.1330573,
    "lng": -117.5874215
  },
  "3710 Dorisa Ave, Oakland, CA 94605-4941, USA": {
    "lat": 37.7576972,
    "lng": -122.144371
  },
  "1678 School St, Moraga, CA 94556-1119, USA": {
    "lat": 37.833125,
    "lng": -122.132655
  },
  "1030 Astoria Dr, Sunnyvale, CA 94087-3041, USA": {
    "lat": 37.3498643,
    "lng": -122.05749
  },
  "13330 Riverside Dr, Sherman Oaks, CA 91423-2521, USA": {
    "lat": 34.15753,
    "lng": -118.423645
  },
  "1317 Sinaloa Ave, Pasadena, CA 91104-3154, USA": {
    "lat": 34.1686283,
    "lng": -118.1157228
  },
  "783 San Andreas Rd, La Selva Beach, CA 95076-1911, USA": {
    "lat": 36.9109564,
    "lng": -121.8293788
  },
  "717 S Cabrillo Ave, San Pedro, CA 90731-3094, USA": {
    "lat": 33.7376327,
    "lng": -118.2944367
  },
  "1701 W Valencia Dr, Fullerton, CA 92833-3800, USA": {
    "lat": 33.8675692,
    "lng": -117.9581771
  },
  "5353 W 3Rd St, Los Angeles, CA 90020-4899, USA": {
    "lat": 34.0688352,
    "lng": -118.3351887
  },
  "140 Foothill Blvd, La Canada Flintridge, CA 91011-3792, USA": {
    "lat": 34.1944573,
    "lng": -118.1787385
  },
  "322 N Baldwin Ave, Sierra Madre, CA 91024-1213, USA": {
    "lat": 34.1672054,
    "lng": -118.0524516
  },
  "1301 Deodar Rd, Escondido, CA 92026-2210, USA": {
    "lat": 33.1395725,
    "lng": -117.105894
  },
  "682 Palm St, San Luis Obispo, CA 93401-3572, USA": {
    "lat": 35.2810959,
    "lng": -120.6657301
  },
  "32650 Avenida Lestonnac, Temecula, CA 92592-9222, USA": {
    "lat": 33.5174318,
    "lng": -117.0900582
  },
  "455 S Compadre Rd, Palm Springs, CA 92262-7997, USA": {
    "lat": 33.8154277,
    "lng": -116.5149793
  },
  "1809 Bancroft Way, Berkeley, CA 94703-1711, USA": {
    "lat": 37.867009,
    "lng": -122.274366
  },
  "1198 Redmond Ave, San Jose, CA 95120-2770, USA": {
    "lat": 37.2285868,
    "lng": -121.8729982
  },
  "1501 S Atlantic Blvd, Monterey Park, CA 91754-5299, USA": {
    "lat": 34.0452892,
    "lng": -118.1411815
  },
  "2534 Ventura Blvd, Camarillo, CA 93010-6649, USA": {
    "lat": 34.2161229,
    "lng": -119.0360393
  },
  "4850 Pearl Ave, San Jose, CA 95136-2701, USA": {
    "lat": 37.2619916,
    "lng": -121.8631024
  },
  "912 Coeur D Alene Ave, Venice, CA 90291-4929, USA": {
    "lat": 33.9913484,
    "lng": -118.452475
  },
  "2400 E Lake Ave, Watsonville, CA 95076-1494, USA": {
    "lat": 36.9277374,
    "lng": -121.7452064
  },
  "2000 Stoner Ave, Los Angeles, CA 90025-6109, USA": {
    "lat": 34.036427,
    "lng": -118.451046
  },
  "15315 Stonebridge Pkwy, San Diego, CA 92131-4336, USA": {
    "lat": 32.92537,
    "lng": -117.017439
  },
  "4141 Beyer Blvd, San Ysidro, CA 92173-2133, USA": {
    "lat": 32.5576542,
    "lng": -117.045076
  },
  "5788 Thornton Ave, Newark, CA 94560-3891, USA": {
    "lat": 37.5395377,
    "lng": -122.0277061
  },
  "890 Toyopa Dr, Pacific Palisades, CA 90272-3779, USA": {
    "lat": 34.044355,
    "lng": -118.523577
  },
  "154 E Janss Rd, Thousand Oaks, CA 91360-3397, USA": {
    "lat": 34.2011277,
    "lng": -118.8689959
  },
  "4625 Garnet St, Torrance, CA 90503-2299, USA": {
    "lat": 33.8438764,
    "lng": -118.3627269
  },
  "5648 N El Dorado St, Stockton, CA 95207-4459, USA": {
    "lat": 38.0032687,
    "lng": -121.3068984
  },
  "33866 Calle La Primavera, Dana Point, CA 92629-2020, USA": {
    "lat": 33.4713635,
    "lng": -117.6894468
  },
  "940 Laguna Honda Blvd, San Francisco, CA 94127-1239, USA": {
    "lat": 37.7431305,
    "lng": -122.4558666
  },
  "26910 Patrick Ave, Hayward, CA 94544-3898, USA": {
    "lat": 37.6383034,
    "lng": -122.0795315
  },
  "620 Olive Ave, Long Beach, CA 90802-1546, USA": {
    "lat": 33.7745343,
    "lng": -118.1824859
  },
  "2121 Saviers Rd, Oxnard, CA 93033-3899, USA": {
    "lat": 34.1790347,
    "lng": -119.1775933
  },
  "254 S Santa Anita St, San Gabriel, CA 91776-1182, USA": {
    "lat": 34.0980464,
    "lng": -118.1077927
  },
  "2501 Maiden Ln, Altadena, CA 91001-2060, USA": {
    "lat": 34.188665,
    "lng": -118.128701
  },
  "13200 Red Hill Ave, Tustin, CA 92780-3839, USA": {
    "lat": 33.7425572,
    "lng": -117.8062888
  },
  "2046 Mar Vista Dr, Newport Beach, CA 92660-4595, USA": {
    "lat": 33.6320872,
    "lng": -117.8773011
  },
  "19920 Anita Ave, Castro Valley, CA 94546-4106, USA": {
    "lat": 37.7002789,
    "lng": -122.0835406
  },
  "611 W Bonita Ave, Claremont, CA 91711-4597, USA": {
    "lat": 34.09628,
    "lng": -117.7308985
  },
  "2955 Huntington Dr, San Marino, CA 91108-2222, USA": {
    "lat": 34.1275086,
    "lng": -118.0926314
  },
  "901 E Heim Ave, Orange, CA 92865-2845, USA": {
    "lat": 33.8313086,
    "lng": -117.8443979
  },
  "11111 Alemany Dr, Mission Hills, CA 91345-1197, USA": {
    "lat": 34.2788779,
    "lng": -118.4622976
  },
  "8740 Emerson Ave, Los Angeles, CA 90045-3797, USA": {
    "lat": 33.9582757,
    "lng": -118.4041099
  },
  "8631 Stanmoor Dr, Los Angeles, CA 90045-2398, USA": {
    "lat": 33.9587851,
    "lng": -118.4252332
  },
  "7681 Orangethorpe Ave, Buena Park, CA 90621-3490, USA": {
    "lat": 33.8604057,
    "lng": -117.99965
  },
  "1294 Albina Ave, Berkeley, CA 94706-2599, USA": {
    "lat": 37.8823493,
    "lng": -122.2839663
  },
  "9201 Grindlay St, Cypress, CA 90630-3076, USA": {
    "lat": 33.8294598,
    "lng": -118.0422856
  },
  "275 S Victoria Ave, San Jacinto, CA 92583-4047, USA": {
    "lat": 33.7807238,
    "lng": -116.9645844
  },
  "3591 Orangewood Ave, Los Alamitos, CA 90720-3904, USA": {
    "lat": 33.7958594,
    "lng": -118.072283
  },
  "322 W D St, Ontario, CA 91762-3414, USA": {
    "lat": 34.067094,
    "lng": -117.6539401
  },
  "2050 N San Fernando Rd, Los Angeles, CA 90065-1267, USA": {
    "lat": 34.101316,
    "lng": -118.2362099
  },
  "4471 Inglewood Blvd, Los Angeles, CA 90066-6209, USA": {
    "lat": 33.9954594,
    "lng": -118.4188466
  },
  "2941 W 70Th St, Los Angeles, CA 90043-4420, USA": {
    "lat": 33.9764532,
    "lng": -118.3249849
  },
  "10101 S Broadway, Los Angeles, CA 90003-4534, USA": {
    "lat": 33.9445123,
    "lng": -118.278053
  },
  "2023 S Union Ave, Los Angeles, CA 90007-1326, USA": {
    "lat": 34.0369889,
    "lng": -118.2822485
  },
  "5151 State University Dr, Los Angeles, CA 90032-4226, USA": {
    "lat": 34.0664949,
    "lng": -118.1671415
  },
  "2930 Fletcher Dr, Los Angeles, CA 90065-1407, USA": {
    "lat": 34.1133773,
    "lng": -118.247635
  },
  "8515 Kansas Ave, Los Angeles, CA 90044-3496, USA": {
    "lat": 33.9607236,
    "lng": -118.2940871
  },
  "3512 N E St, San Bernardino, CA 92405-2110, USA": {
    "lat": 34.1551792,
    "lng": -117.2941655
  },
  "9530 Monterey Rd, Morgan Hill, CA 95037-9356, USA": {
    "lat": 37.1516632,
    "lng": -121.6726656
  },
  "655 W 2Nd St, San Bernardino, CA 92410-3210, USA": {
    "lat": 34.1012748,
    "lng": -117.297301
  },
  "23000 Via Santa Maria, Mission Viejo, CA 92691-1827, USA": {
    "lat": 33.6293366,
    "lng": -117.6583428
  },
  "22882 Loumont Dr, Lake Forest, CA 92630-3935, USA": {
    "lat": 33.6297069,
    "lng": -117.7009767
  },
  "113 S Rowan Ave, Los Angeles, CA 90063-2434, USA": {
    "lat": 34.0354701,
    "lng": -118.1873327
  },
  "434 S Grevillea Ave, Inglewood, CA 90301-2300, USA": {
    "lat": 33.958334,
    "lng": -118.354804
  },
  "700 Kimlin Dr, Glendale, CA 91206-1641, USA": {
    "lat": 34.156121,
    "lng": -118.22637
  },
  "1 Estates Dr, Piedmont, CA 94611-3398, USA": {
    "lat": 37.814241,
    "lng": -122.214061
  },
  "1851 136Th Ave, San Leandro, CA 94578-1699, USA": {
    "lat": 37.7197143,
    "lng": -122.1368453
  },
  "2772 Sterling Ave, San Bernardino, CA 92404-3499, USA": {
    "lat": 34.1424664,
    "lng": -117.2454376
  },
  "479 Miller Ave, South San Francisco, CA 94080-2703, USA": {
    "lat": 37.657277,
    "lng": -122.4152816
  },
  "2390 Nautilus St, La Jolla, CA 92037-6421, USA": {
    "lat": 32.8331947,
    "lng": -117.2517762
  },
  "6990 65Th St, Sacramento, CA 95823-2316, USA": {
    "lat": 38.5007857,
    "lng": -121.4310363
  },
  "1615 N Alexandria Ave, Los Angeles, CA 90027-5207, USA": {
    "lat": 34.101366,
    "lng": -118.2984405
  },
  "2911 N San Fernando Rd, Los Angeles, CA 90065-1323, USA": {
    "lat": 34.1114016,
    "lng": -118.2434314
  },
  "5300 White Oak Ave, Encino, CA 91316-2494, USA": {
    "lat": 34.166874,
    "lng": -118.518454
  },
  "1202 W Edinger Ave, Santa Ana, CA 92707-2191, USA": {
    "lat": 33.7260273,
    "lng": -117.8837551
  },
  "14830 Van Ness Ave, Gardena, CA 90249-3718, USA": {
    "lat": 33.897087,
    "lng": -118.3177227
  },
  "16535 Chatsworth St, Granada Hills, CA 91344-6799, USA": {
    "lat": 34.2648345,
    "lng": -118.5113424
  },
  "1701 Laurel Ave, Manhattan Beach, CA 90266-4991, USA": {
    "lat": 33.8909249,
    "lng": -118.405065
  },
  "4660 Harbord Dr, Oakland, CA 94618-2211, USA": {
    "lat": 37.8394834,
    "lng": -122.2308287
  },
  "360 Campus Dr, Arcadia, CA 91007-6932, USA": {
    "lat": 34.1309414,
    "lng": -118.0444726
  },
  "17100 Superior St, Northridge, CA 91325-1999, USA": {
    "lat": 34.2456813,
    "lng": -118.5056871
  },
  "26400 Dartmouth St, Hemet, CA 92544-6302, USA": {
    "lat": 33.7385588,
    "lng": -116.9367544
  },
  "23958 Ave 324, Lemon Cove, CA 93244, USA": {
    "lat": 36.3766951,
    "lng": -119.0374117
  },
  "3531 22Nd St, San Francisco, CA 94114-3405, USA": {
    "lat": 37.7544096,
    "lng": -122.4260712
  },
  "225 S Santa Fe Ave, Compton, CA 90221-3240, USA": {
    "lat": 33.8755428,
    "lng": -118.2147594
  },
  "5210 E Los Coyotes Diagonal, Long Beach, CA 90815-1999, USA": {
    "lat": 33.79813,
    "lng": -118.131513
  },
  "6829 Stockton Blvd, Sacramento, CA 95823-2395, USA": {
    "lat": 38.5022015,
    "lng": -121.4318552
  },
  "325 Marion Ave, Ben Lomond, CA 95005-9403, USA": {
    "lat": 37.0820771,
    "lng": -122.0732893
  },
  "7907 Santa Fe Ave, Huntington Park, CA 90255-6630, USA": {
    "lat": 33.9802653,
    "lng": -118.2302661
  },
  "5311 Crenshaw Blvd, Los Angeles, CA 90043-1809, USA": {
    "lat": 33.9939539,
    "lng": -118.3311063
  },
  "5701 Crenshaw Blvd, Los Angeles, CA 90043-2409, USA": {
    "lat": 33.990744,
    "lng": -118.331121
  },
  "1444 E Holt Ave, Pomona, CA 91767-5865, USA": {
    "lat": 34.062987,
    "lng": -117.722276
  },
  "10420 Big Horn Blvd, Elk Grove, CA 95757-6001, USA": {
    "lat": 38.3815426,
    "lng": -121.3992041
  },
  "760 Broadway St, King City, CA 93930-3311, USA": {
    "lat": 36.2089994,
    "lng": -121.1328985
  },
  "5029 S Vermont Ave, Los Angeles, CA 90037-2907, USA": {
    "lat": 33.997461,
    "lng": -118.2916124
  },
  "4545 9Th Ave, Sacramento, CA 95820-1421, USA": {
    "lat": 38.543789,
    "lng": -121.4538419
  },
  "3300 Stockton Blvd, Sacramento, CA 95820-1451, USA": {
    "lat": 38.544382,
    "lng": -121.45263
  },
  "5886 Compton Ave, Los Angeles, CA 90001-1345, USA": {
    "lat": 33.987395,
    "lng": -118.247628
  },
  "110 S Townsend Ave, Los Angeles, CA 90063-2437, USA": {
    "lat": 34.0357652,
    "lng": -118.1879863
  },
  "11933 Allegheny St, Sun Valley, CA 91352-1834, USA": {
    "lat": 34.2335153,
    "lng": -118.3981235
  },
  "900 Pioneer Ave, Porterville, CA 93257-1240, USA": {
    "lat": 36.0922053,
    "lng": -119.037692
  },
  "850 Inglewood Ave, Redondo Beach, CA 90278-5335, USA": {
    "lat": 33.8616069,
    "lng": -118.3610835
  },
  "15342 Jeraldo Dr, Victorville, CA 92394-5580, USA": {
    "lat": 34.5288833,
    "lng": -117.3354492
  },
  "3232 W Macarthur Blvd, Santa Ana, CA 92704-6802, USA": {
    "lat": 33.7018594,
    "lng": -117.9131932
  },
  "2370 W Main St, El Centro, CA 92243-3579, USA": {
    "lat": 32.7929351,
    "lng": -115.5821259
  },
  "2118 Meadowview Rd, Sacramento, CA 95832-1212, USA": {
    "lat": 38.4813311,
    "lng": -121.4923906
  },
  "2021 W Alwood St, West Covina, CA 91790-3259, USA": {
    "lat": 34.0616542,
    "lng": -117.9599668
  },
  "131 E 50Th St, Los Angeles, CA 90011-3937, USA": {
    "lat": 33.9975196,
    "lng": -118.272818
  },
  "211 S Avenue 20, Los Angeles, CA 90031-2508, USA": {
    "lat": 34.0684326,
    "lng": -118.2181789
  },
  "1455 Hollister St, San Diego, CA 92154-4063, USA": {
    "lat": 32.5705649,
    "lng": -117.0827859
  },
  "3430 School St, San Diego, CA 92116-3423, USA": {
    "lat": 32.7623975,
    "lng": -117.1190728
  },
  "1552 Rockwood St, Los Angeles, CA 90026-5520, USA": {
    "lat": 34.0635393,
    "lng": -118.2612537
  },
  "10720 Wilmington Ave, Los Angeles, CA 90059-1236, USA": {
    "lat": 33.9387043,
    "lng": -118.2389232
  },
  "30401 Reservoir Ave, Nuevo, CA 92567-9361, USA": {
    "lat": 33.8073623,
    "lng": -117.1476488
  },
  "9719 S Main St, Los Angeles, CA 90003-4135, USA": {
    "lat": 33.9480506,
    "lng": -118.2739722
  },
  "5709 9TH St, Keyes, CA 95328, USA": {
    "lat": 37.5558342,
    "lng": -120.9108934
  },
  "321 16Th St, Marysville, CA 95901-4223, USA": {
    "lat": 39.1536409,
    "lng": -121.5793259
  },
  "1720 M St, Arcata, CA 95521-5741, USA": {
    "lat": 40.8755781,
    "lng": -124.0897988
  },
  "603 E 115Th St, Los Angeles, CA 90059-2322, USA": {
    "lat": 33.930183,
    "lng": -118.2649575
  },
  "5356 5Th Ave, Los Angeles, CA 90043-2622, USA": {
    "lat": 33.9936413,
    "lng": -118.3224225
  },
  "4610 S Main St, Los Angeles, CA 90037-2736, USA": {
    "lat": 34.0018188,
    "lng": -118.2738727
  },
  "644 W 17Th St, Los Angeles, CA 90015-3400, USA": {
    "lat": 34.0365769,
    "lng": -118.271278
  },
  "2071 Saturn Ave, Huntington Park, CA 90255-3635, USA": {
    "lat": 33.9770006,
    "lng": -118.2338316
  },
  "9756 Oso Ave, Chatsworth, CA 91311-5359, USA": {
    "lat": 34.2479226,
    "lng": -118.5752961
  },
  "79 Florence St, Daly City, CA 94014-2145, USA": {
    "lat": 37.6984,
    "lng": -122.4584393
  },
  "17160 Van Gogh St, Granada Hills, CA 91344-1217, USA": {
    "lat": 34.3056768,
    "lng": -118.5054325
  },
  "23350 Justice St, West Hills, CA 91304-4402, USA": {
    "lat": 34.2154899,
    "lng": -118.63504
  },
  "23456 Welby Way, West Hills, CA 91307-3398, USA": {
    "lat": 34.192143,
    "lng": -118.6379426
  },
  "4220 Dixie Canyon Ave, Sherman Oaks, CA 91423-3904, USA": {
    "lat": 34.1478605,
    "lng": -118.424775
  },
  "19010 Castlebay Ln, Porter Ranch, CA 91326-1005, USA": {
    "lat": 34.2933881,
    "lng": -118.5475987
  },
  "23231 Hatteras St, Woodland Hills, CA 91367-3199, USA": {
    "lat": 34.1758667,
    "lng": -118.6211339
  },
  "5540 W 77Th St, Los Angeles, CA 90045-3214, USA": {
    "lat": 33.9681085,
    "lng": -118.3783925
  },
  "23055 Eugene St, Woodland Hills, CA 91364-3723, USA": {
    "lat": 34.1579823,
    "lng": -118.6290515
  },
  "6115 Riverside Blvd, Sacramento, CA 95831-1312, USA": {
    "lat": 38.516321,
    "lng": -121.5258715
  },
  "3800 S Fairview St, Santa Ana, CA 92704-7097, USA": {
    "lat": 33.6976527,
    "lng": -117.9090474
  },
  "19429 Road 228, Strathmore, CA 93267, USA": {
    "lat": 36.142975,
    "lng": -119.0649951
  },
  "401 Pacific Ave, Alameda, CA 94501-1837, USA": {
    "lat": 37.776499,
    "lng": -122.284703
  },
  "6550 W 80Th St, Los Angeles, CA 90045-1127, USA": {
    "lat": 33.9678148,
    "lng": -118.404001
  },
  "215 Locust St, Watsonville, CA 95076-5104, USA": {
    "lat": 36.9046312,
    "lng": -121.7593593
  },
  "5801 Sundale Ave, Bakersfield, CA 93309-2924, USA": {
    "lat": 35.3439008,
    "lng": -119.0653696
  },
  "13061 Riverside Dr, Sherman Oaks, CA 91423-2128, USA": {
    "lat": 34.157531,
    "lng": -118.4175178
  },
  "1132 N Melrose Dr, Vista, CA 92083-3479, USA": {
    "lat": 33.2139769,
    "lng": -117.2559736
  },
  "120 W Regent St, Inglewood, CA 90301-1225, USA": {
    "lat": 33.964337,
    "lng": -118.3557157
  },
  "5213 Crebs Ave, Tarzana, CA 91356-4099, USA": {
    "lat": 34.165738,
    "lng": -118.544639
  },
  "150 Old Oak Rd, San Andreas, CA 95249, USA": {
    "lat": 38.1890485,
    "lng": -120.6918818
  },
  "570 Airport Way, Camarillo, CA 93010-8500, USA": {
    "lat": 34.206547,
    "lng": -119.0762196
  },
  "19850 Delano St, Woodland Hills, CA 91367-3816, USA": {
    "lat": 34.1823245,
    "lng": -118.5651745
  },
  "34320 Valley Center Rd, Valley Center, CA 92082-6046, USA": {
    "lat": 33.201603,
    "lng": -117.0313976
  },
  "11822 Gerald Ave, Granada Hills, CA 91344-2899, USA": {
    "lat": 34.2848661,
    "lng": -118.4937635
  },
  "5060 Nestle Ave, Tarzana, CA 91356-4399, USA": {
    "lat": 34.161604,
    "lng": -118.531229
  },
  "27587 La Piedra Rd, Menifee, CA 92584-8376, USA": {
    "lat": 33.677653,
    "lng": -117.1786671
  },
  "9240 Wish Ave, Northridge, CA 91325-2533, USA": {
    "lat": 34.2387064,
    "lng": -118.5083153
  },
  "421 Entrada Dr, Santa Monica, CA 90402-1303, USA": {
    "lat": 34.0319318,
    "lng": -118.5120139
  },
  "5014 Serrania Ave, Woodland Hills, CA 91364-3350, USA": {
    "lat": 34.160151,
    "lng": -118.588258
  },
  "14755 Greenleaf St, Sherman Oaks, CA 91403-4199, USA": {
    "lat": 34.149896,
    "lng": -118.4551762
  },
  "2561 Fair Oaks Ave, Altadena, CA 91001-5074, USA": {
    "lat": 34.1858766,
    "lng": -118.1508424
  },
  "1 Sierra Gate Plz, Roseville, CA 95678-6602, USA": {
    "lat": 38.753358,
    "lng": -121.267027
  },
  "3711 Oasis Rd, Redding, CA 96003-0397, USA": {
    "lat": 40.6306386,
    "lng": -122.3994815
  },
  "15530 Hesby St, Encino, CA 91436-1519, USA": {
    "lat": 34.162044,
    "lng": -118.473647
  },
  "3909 Carpenter Ave, Studio City, CA 91604-3793, USA": {
    "lat": 34.141319,
    "lng": -118.391831
  },
  "851 S Johnson Ave, El Cajon, CA 92020-5811, USA": {
    "lat": 32.7849336,
    "lng": -116.9698339
  },
  "2410 Broadway, Huntington Park, CA 90255-6342, USA": {
    "lat": 33.965782,
    "lng": -118.2165354
  },
  "6880 Mohawk St, San Diego, CA 92115-1728, USA": {
    "lat": 32.769798,
    "lng": -117.0497884
  },
  "333 E Walnut St, Santa Ana, CA 92701-5928, USA": {
    "lat": 33.7443535,
    "lng": -117.8641288
  },
  "1450 Allenford Ave, Los Angeles, CA 90049-3699, USA": {
    "lat": 34.0574506,
    "lng": -118.4950009
  },
  "4141 S Figueroa St, Los Angeles, CA 90037-2038, USA": {
    "lat": 34.00843,
    "lng": -118.282821
  },
  "1919 S Burnside Ave, Los Angeles, CA 90016-1114, USA": {
    "lat": 34.040359,
    "lng": -118.3578
  },
  "9144 3RD Ave, Hesperia, CA 92345-3643, USA": {
    "lat": 34.4176156,
    "lng": -117.3077778
  },
  "12850 Muscatel St, Hesperia, CA 92344-5566, USA": {
    "lat": 34.4122397,
    "lng": -117.3896738
  },
  "18600 Lanark St, Reseda, CA 91335-1233, USA": {
    "lat": 34.2169982,
    "lng": -118.5388266
  },
  "4514 Crenshaw Blvd, Los Angeles, CA 90043-1221, USA": {
    "lat": 34.0028482,
    "lng": -118.3315568
  },
  "2050 Selby Ave, Los Angeles, CA 90025-6397, USA": {
    "lat": 34.0476328,
    "lng": -118.4302426
  },
  "6020 Hughes St, San Diego, CA 92115-6520, USA": {
    "lat": 32.7460379,
    "lng": -117.0674113
  },
  "6620 Gloria Dr, Sacramento, CA 95831-1655, USA": {
    "lat": 38.507108,
    "lng": -121.5259545
  },
  "250 W 5Th St, San Pedro, CA 90731-3304, USA": {
    "lat": 33.7399336,
    "lng": -118.2824321
  },
  "1420 E Adams Blvd, Los Angeles, CA 90011-1820, USA": {
    "lat": 34.015519,
    "lng": -118.2482334
  },
  "3737 S Figueroa St, Los Angeles, CA 90007-4366, USA": {
    "lat": 34.017174,
    "lng": -118.2828376
  },
  "740 S Gretna Green Way, Los Angeles, CA 90049-4927, USA": {
    "lat": 34.0506829,
    "lng": -118.4750307
  },
  "13000 Montague St, Arleta, CA 91331-4146, USA": {
    "lat": 34.2372933,
    "lng": -118.4254275
  },
  "830 N La Brea Ave, Inglewood, CA 90302-2206, USA": {
    "lat": 33.9735944,
    "lng": -118.3574957
  },
  "4016 S Central Ave, Los Angeles, CA 90011-2708, USA": {
    "lat": 34.0106323,
    "lng": -118.2564023
  },
  "480 N San Jacinto Ave, San Jacinto, CA 92583-2729, USA": {
    "lat": 33.7710771,
    "lng": -116.9587272
  },
  "14545 Lyons Valley Rd, Jamul, CA 91935-3324, USA": {
    "lat": 32.7292161,
    "lng": -116.8559305
  },
  "3877 Lusk St, Oakland, CA 94608-3822, USA": {
    "lat": 37.8292445,
    "lng": -122.2726353
  },
  "17111 Victory Blvd, Van Nuys, CA 91406-5455, USA": {
    "lat": 34.1866507,
    "lng": -118.474126
  },
  "7270 Lisbon St, San Diego, CA 92114-3007, USA": {
    "lat": 32.713622,
    "lng": -117.042435
  },
  "310 W 95Th St, Los Angeles, CA 90003-4012, USA": {
    "lat": 33.9501706,
    "lng": -118.2785653
  },
  "18720 Linnet St, Tarzana, CA 91356-3313, USA": {
    "lat": 34.1672036,
    "lng": -118.5414133
  },
  "11016 Norris Ave, Pacoima, CA 91331-2598, USA": {
    "lat": 34.269238,
    "lng": -118.414869
  },
  "16821 Marquez Ave, Pacific Palisades, CA 90272-3294, USA": {
    "lat": 34.0458421,
    "lng": -118.5478198
  },
  "8140 Vanalden Ave, Reseda, CA 91335-1199, USA": {
    "lat": 34.2182056,
    "lng": -118.5490772
  },
  "13050 Borden Ave, Sylmar, CA 91342-4299, USA": {
    "lat": 34.3078363,
    "lng": -118.4404079
  },
  "5461 Winnetka Ave, Woodland Hills, CA 91364-2592, USA": {
    "lat": 34.1681588,
    "lng": -118.5721509
  },
  "11800 Texas Ave, Los Angeles, CA 90025-1499, USA": {
    "lat": 34.046041,
    "lng": -118.460718
  },
  "10027 Lurline Ave, Chatsworth, CA 91311-3199, USA": {
    "lat": 34.2523464,
    "lng": -118.5842838
  },
  "645 N Kenter Ave, Los Angeles, CA 90049-1999, USA": {
    "lat": 34.0701278,
    "lng": -118.4885192
  },
  "5041 Sunnyslope Ave, Sherman Oaks, CA 91423-1445, USA": {
    "lat": 34.162965,
    "lng": -118.4285091
  },
  "9950 Tampa Ave, Northridge, CA 91324-1142, USA": {
    "lat": 34.2508595,
    "lng": -118.553477
  },
  "22075 Topanga School Rd, Topanga, CA 90290-3835, USA": {
    "lat": 34.0929278,
    "lng": -118.6049763
  },
  "2670 Griffin Ave, Los Angeles, CA 90031-2311, USA": {
    "lat": 34.0785511,
    "lng": -118.2113579
  },
  "3500 W Temple St, Los Angeles, CA 90004-3620, USA": {
    "lat": 34.0765678,
    "lng": -118.2842686
  },
  "1650 Selby Ave, Los Angeles, CA 90024-5716, USA": {
    "lat": 34.0536562,
    "lng": -118.4362716
  },
  "4935 Colfax Ave, North Hollywood, CA 91601-4773, USA": {
    "lat": 34.1710265,
    "lng": -118.3877831
  },
  "23830 Califa St, Woodland Hills, CA 91367-2922, USA": {
    "lat": 34.1772059,
    "lng": -118.6047482
  },
  "22201 San Miguel St, Woodland Hills, CA 91364-3039, USA": {
    "lat": 34.158627,
    "lng": -118.609265
  },
  "11301 Bellagio Rd, Los Angeles, CA 90049-1705, USA": {
    "lat": 34.0816461,
    "lng": -118.4623842
  },
  "18230 Kittridge St, Reseda, CA 91335-6121, USA": {
    "lat": 34.1885493,
    "lng": -118.5295201
  },
  "2824 S Main St, Los Angeles, CA 90007-3334, USA": {
    "lat": 34.0228616,
    "lng": -118.2698258
  },
  "1411 27Th St, San Diego, CA 92154-3242, USA": {
    "lat": 32.5713647,
    "lng": -117.075337
  },
  "2120 San Diego Ave, San Diego, CA 92110-2901, USA": {
    "lat": 32.7466878,
    "lng": -117.1891467
  },
  "300 E 53Rd St, Los Angeles, CA 90011-4522, USA": {
    "lat": 33.994167,
    "lng": -118.269976
  },
  "650 Imperial Beach Blvd, Imperial Beach, CA 91932-2794, USA": {
    "lat": 32.5780774,
    "lng": -117.1198648
  },
  "250 W La Verne Ave, Pomona, CA 91767-2375, USA": {
    "lat": 34.0869131,
    "lng": -117.7535701
  },
  "5438 Laird Rd, Loomis, CA 95650-8916, USA": {
    "lat": 38.7899088,
    "lng": -121.1702585
  },
  "11800 Pala Mission Rd, Pala, CA 92059-2459, USA": {
    "lat": 33.3651218,
    "lng": -117.0826151
  },
  "900 E 33RD St, Los Angeles, CA 90011-2524, USA": {
    "lat": 34.01451,
    "lng": -118.260759
  },
  "1700 W Pico Blvd, Los Angeles, CA 90015-2412, USA": {
    "lat": 34.045073,
    "lng": -118.278075
  },
  "1050 Beacon Ave, Los Angeles, CA 90015-1910, USA": {
    "lat": 34.0489513,
    "lng": -118.2757788
  },
  "5421 Obama Blvd, Los Angeles, CA 90016-5122, USA": {
    "lat": 34.0203156,
    "lng": -118.3298573
  },
  "2226 E 3Rd St, Los Angeles, CA 90033-3906, USA": {
    "lat": 34.0423632,
    "lng": -118.2133253
  },
  "1855 Lucretia Ave, San Jose, CA 95122-3730, USA": {
    "lat": 37.3190176,
    "lng": -121.849477
  },
  "14281 Story Rd, San Jose, CA 95127-3823, USA": {
    "lat": 37.3595739,
    "lng": -121.8163156
  },
  "1920 W 7Th St, Los Angeles, CA 90057-4104, USA": {
    "lat": 34.0554943,
    "lng": -118.27489
  },
  "2723 W 8Th St, Los Angeles, CA 90005-1226, USA": {
    "lat": 34.0578213,
    "lng": -118.2848906
  },
  "15650 Pipeline Ave, Chino Hills, CA 91709-3331, USA": {
    "lat": 33.9689665,
    "lng": -117.7150148
  },
  "14271 Story Rd, San Jose, CA 95127-3823, USA": {
    "lat": 37.3589217,
    "lng": -121.816078
  },
  "660 Menlo Dr, Rocklin, CA 95765-3713, USA": {
    "lat": 38.8120516,
    "lng": -121.2978754
  },
  "6532 Turnstone Way, Rocklin, CA 95765-5865, USA": {
    "lat": 38.802343,
    "lng": -121.2888664
  },
  "6550 Lonetree Blvd, Rocklin, CA 95765-5874, USA": {
    "lat": 38.8040152,
    "lng": -121.293697
  },
  "7775 Sierra Ave, Fontana, CA 92336-2619, USA": {
    "lat": 34.1128352,
    "lng": -117.4359442
  },
  "2050 Pacific St, San Bernardino, CA 92404-6179, USA": {
    "lat": 34.129068,
    "lng": -117.2424269
  },
  "26655 Highland Ave, Highland, CA 92346-2111, USA": {
    "lat": 34.1344097,
    "lng": -117.2226172
  },
  "25560 Alessandro Blvd, Moreno Valley, CA 92553-2921, USA": {
    "lat": 33.918362,
    "lng": -117.2170206
  },
  "8800 S San Pedro St, Los Angeles, CA 90003-3541, USA": {
    "lat": 33.957069,
    "lng": -118.269398
  },
  "13730 Perris Blvd, Moreno Valley, CA 92553-4302, USA": {
    "lat": 33.921755,
    "lng": -117.226298
  },
  "950 W Washington Blvd, Los Angeles, CA 90015-3312, USA": {
    "lat": 34.0368249,
    "lng": -118.2772197
  },
  "240 N Madison Ave, Los Angeles, CA 90004-4841, USA": {
    "lat": 34.0755777,
    "lng": -118.2892589
  },
  "221 N Westmoreland Ave, Los Angeles, CA 90004-4815, USA": {
    "lat": 34.0746928,
    "lng": -118.2879991
  },
  "1929 W Pico Blvd, Los Angeles, CA 90006-5008, USA": {
    "lat": 34.0464214,
    "lng": -118.2806473
  },
  "1333 Grand Ave, Sacramento, CA 95838-3654, USA": {
    "lat": 38.6375781,
    "lng": -121.4350718
  },
  "1320 N Mariposa St, Fresno, CA 93703-3938, USA": {
    "lat": 36.7597961,
    "lng": -119.7791663
  },
  "6170 Lockhurst Dr, Woodland Hills, CA 91367-1204, USA": {
    "lat": 34.1829567,
    "lng": -118.6477211
  },
  "8460 Nuevo Ave, Fontana, CA 92335-3824, USA": {
    "lat": 34.0998139,
    "lng": -117.4370839
  },
  "1612 W Pico Blvd, Los Angeles, CA 90015-2410, USA": {
    "lat": 34.0446531,
    "lng": -118.2771462
  },
  "415 31St St, San Diego, CA 92102-4236, USA": {
    "lat": 32.709866,
    "lng": -117.126339
  },
  "23750 Alessandro Blvd, Moreno Valley, CA 92553-8811, USA": {
    "lat": 33.917354,
    "lng": -117.2480636
  },
  "36230 N School St, Clarksburg, CA 95612, USA": {
    "lat": 38.4164977,
    "lng": -121.5272785
  },
  "899 Bryte Ave, West Sacramento, CA 95605-1820, USA": {
    "lat": 38.591749,
    "lng": -121.537052
  },
  "1450 East La Palma Avenue, Anaheim, CA 92805-1599, USA": {
    "lat": 33.846943,
    "lng": -117.8990055
  },
  "11638 Colfax Hwy, Grass Valley, CA 95945-8805, USA": {
    "lat": 39.211495,
    "lng": -121.0522584
  },
  "10819 Plainview Ave, Tujunga, CA 91042-1699, USA": {
    "lat": 34.265577,
    "lng": -118.298017
  },
  "16941 Addison St, Encino, CA 91316-3433, USA": {
    "lat": 34.1617856,
    "lng": -118.5015521
  },
  "9815 Topeka Dr, Northridge, CA 91324-1800, USA": {
    "lat": 34.2476896,
    "lng": -118.5464191
  },
  "12230 El Oro Way, Granada Hills, CA 91344-1600, USA": {
    "lat": 34.2928765,
    "lng": -118.5051917
  },
  "451 S Villa Ave, Willows, CA 95988-2964, USA": {
    "lat": 39.5159011,
    "lng": -122.2088825
  },
  "3838 E Avenue R, Palmdale, CA 93550-5041, USA": {
    "lat": 34.5730469,
    "lng": -118.0612208
  },
  "1400 Yosemite St, Aurora, CO 80010, USA": {
    "lat": 39.7392356,
    "lng": -104.8843359
  },
  "714 24 1/2 Rd, Grand Junction, CO 81505-9628, USA": {
    "lat": 39.1088787,
    "lng": -108.597575
  },
  "1001 W 84Th Ave, Denver, CO 80260-4717, USA": {
    "lat": 39.8480546,
    "lng": -104.6759015
  },
  "2490 S Perry St, Castle Rock, CO 80104-1985, USA": {
    "lat": 39.3489788,
    "lng": -104.8702299
  },
  "786 26 1/2 Rd, Grand Junction, CO 81506-8350, USA": {
    "lat": 39.1192992,
    "lng": -108.558826
  },
  "225 Sawyer Dr, Durango, CO 81303-7998, USA": {
    "lat": 37.242071,
    "lng": -107.8764785
  },
  "705 Austin Ave, Erie, CO 80516-2424, USA": {
    "lat": 40.0333618,
    "lng": -105.0539693
  },
  "4441 Salvia St, Golden, CO 80403-1698, USA": {
    "lat": 39.7729897,
    "lng": -105.1891384
  },
  "675 29 Rd, Grand Junction, CO 81504-4663, USA": {
    "lat": 39.1016957,
    "lng": -108.5185305
  },
  "2560 W 29Th St, Greeley, CO 80631-8507, USA": {
    "lat": 40.3898517,
    "lng": -104.7847733
  },
  "356 Longspur Dr, Brighton, CO 80601-8700, USA": {
    "lat": 39.9813803,
    "lng": -104.7446523
  },
  "3551 E Southern St, Brighton, CO 80601-0015, USA": {
    "lat": 39.9795452,
    "lng": -104.7943187
  },
  "4905 Cathay St, Denver, CO 80249-8376, USA": {
    "lat": 39.7867215,
    "lng": -104.7661644
  },
  "2040 Miller Dr, Longmont, CO 80501-6748, USA": {
    "lat": 40.1407122,
    "lng": -105.1273311
  },
  "4620 Antelope Ridge Dr, Colorado Springs, CO 80922-2497, USA": {
    "lat": 38.9034973,
    "lng": -104.6850473
  },
  "14530 Washington St, Thornton, CO 80023-9150, USA": {
    "lat": 39.9604349,
    "lng": -104.9762172
  },
  "9290 E 107Th Ave, Commerce City, CO 80640-8964, USA": {
    "lat": 39.8914722,
    "lng": -104.8795515
  },
  "2131 Low Meadow Blvd, Castle Rock, CO 80109-8032, USA": {
    "lat": 39.3956836,
    "lng": -104.8850048
  },
  "615 Community Ln, Grand Junction, CO 81506-1996, USA": {
    "lat": 39.0943056,
    "lng": -108.5648998
  },
  "6971 Mira Vista Ln, Castle Pines, CO 80108-9511, USA": {
    "lat": 39.4633766,
    "lng": -104.8879953
  },
  "16700 Keystone Blvd, Parker, CO 80134-3544, USA": {
    "lat": 39.5373391,
    "lng": -104.7956814
  },
  "10260 Twenty Mile Rd, Parker, CO 80134-5089, USA": {
    "lat": 39.5304608,
    "lng": -104.7764223
  },
  "11155 Motsenbocker Rd, Parker, CO 80134-7504, USA": {
    "lat": 39.513975,
    "lng": -104.7862874
  },
  "2700 S Lemay Ave, Fort Collins, CO 80525-2264, USA": {
    "lat": 40.5512577,
    "lng": -105.0559889
  },
  "18451 Ponderosa Dr, Parker, CO 80134-5782, USA": {
    "lat": 39.5401521,
    "lng": -104.7774504
  },
  "12445 Grant St, Northglenn, CO 80241, USA": {
    "lat": 39.9143639,
    "lng": -104.9851091
  },
  "190 Shelton Rd, Trumbull, CT 06611-5136, USA": {
    "lat": 41.2456783,
    "lng": -73.1555816
  },
  "471 North St, Greenwich, CT 06830-3949, USA": {
    "lat": 41.0697522,
    "lng": -73.6244842
  },
  "68 Thermos Ave, Norwich, CT 06360-6957, USA": {
    "lat": 41.5116783,
    "lng": -72.0770005
  },
  "184 Garden St, Bridgeport, CT 06605-1213, USA": {
    "lat": 41.1698456,
    "lng": -73.1989591
  },
  "503 Shelton Ave, Shelton, CT 06484-2821, USA": {
    "lat": 41.2986418,
    "lng": -73.141918
  },
  "1240 Randolph St Ne, Washington, DC 20017-2628, USA": {
    "lat": 38.9386092,
    "lng": -76.9889147
  },
  "885 Barnaby St Se, Washington, DC 20032-3955, USA": {
    "lat": 38.8315882,
    "lng": -76.9913592
  },
  "4300 Harewood Rd Ne, Washington, DC 20017-1513, USA": {
    "lat": 38.9405196,
    "lng": -77.0062627
  },
  "1027 45Th St Ne, Washington, DC 20019-3802, USA": {
    "lat": 38.9045486,
    "lng": -76.9371036
  },
  "3400 Wheeler Rd Se, Washington, DC 20032-4137, USA": {
    "lat": 38.8402365,
    "lng": -76.992705
  },
  "2120 13Th St Nw, Washington, DC 20009-4408, USA": {
    "lat": 38.9184056,
    "lng": -77.029722
  },
  "1800 Perry St Ne, Washington, DC 20018-2742, USA": {
    "lat": 38.9367961,
    "lng": -76.9785955
  },
  "5601 E Capitol St Se, Washington, DC 20019-6772, USA": {
    "lat": 38.8894779,
    "lng": -76.9217437
  },
  "1404 Jackson St Ne, Washington, DC 20017-2951, USA": {
    "lat": 38.9296056,
    "lng": -76.9868646
  },
  "851 N Maitland Ave, Maitland, FL 32751-4426, USA": {
    "lat": 28.6336379,
    "lng": -81.3655874
  },
  "3918 Lpga Blvd, Daytona Beach, FL 32124-2082, USA": {
    "lat": 29.1745293,
    "lng": -81.1218857
  },
  "2750 Haines Bayshore Rd, Clearwater, FL 33760-1499, USA": {
    "lat": 27.9291333,
    "lng": -82.7231506
  },
  "2907 Taylor St, Hollywood, FL 33020-4205, USA": {
    "lat": 26.0135262,
    "lng": -80.1649105
  },
  "1003 Turnbull St, New Smyrna Beach, FL 32168-6229, USA": {
    "lat": 29.0392209,
    "lng": -80.9355681
  },
  "4630 N Rome Ave, Tampa, FL 33603-2899, USA": {
    "lat": 27.9864748,
    "lng": -82.4765343
  },
  "1759 Indian Creek Pkwy, Jupiter, FL 33458-8204, USA": {
    "lat": 26.9114256,
    "lng": -80.1246477
  },
  "12031 Southern Blvd, Loxahatchee, FL 33470-4994, USA": {
    "lat": 26.6840141,
    "lng": -80.248444
  },
  "3500 9Th St E, Bradenton, FL 34208-4516, USA": {
    "lat": 27.46882,
    "lng": -82.5549193
  },
  "1476 Sw Walter Ave, Lake City, FL 32024-7916, USA": {
    "lat": 30.0734142,
    "lng": -82.6800782
  },
  "202 13Th Ave E, Bradenton, FL 34208-3246, USA": {
    "lat": 27.4879686,
    "lng": -82.561546
  },
  "400 30Th Ave W, Bradenton, FL 34205-8017, USA": {
    "lat": 27.4737091,
    "lng": -82.5656511
  },
  "6771 Madison Ave, Tampa, FL 33619-6836, USA": {
    "lat": 27.9001411,
    "lng": -82.3777726
  },
  "11900 Biscayne Blvd, North Miami, FL 33181-2743, USA": {
    "lat": 25.9162381,
    "lng": -80.1563008
  },
  "3360 W Flagler St, Miami, FL 33135-1137, USA": {
    "lat": 25.7718623,
    "lng": -80.2511188
  },
  "2501 Vada Rd, Bainbridge, GA 39817-8232, USA": {
    "lat": 30.9187159,
    "lng": -84.5522018
  },
  "1407 Cobb Pkwy N, Marietta, GA 30062-2425, USA": {
    "lat": 33.9851665,
    "lng": -84.5691852
  },
  "5665 New Forsyth Rd, Macon, GA 31210-5770, USA": {
    "lat": 32.9384696,
    "lng": -83.7291662
  },
  "1985 Lavista Rd Ne, Atlanta, GA 30329-3842, USA": {
    "lat": 33.8156805,
    "lng": -84.3428343
  },
  "4755 Kimball Bridge Rd, Alpharetta, GA 30005-4502, USA": {
    "lat": 34.0482363,
    "lng": -84.2626296
  },
  "2861 Lakeshore Dr, Atlanta, GA 30337-4419, USA": {
    "lat": 33.7681475,
    "lng": -84.3246962
  },
  "18637 Hartford St, Edison, GA 39846-5605, USA": {
    "lat": 31.5608659,
    "lng": -84.7290971
  },
  "81 Lacy St Nw, Marietta, GA 30060-1153, USA": {
    "lat": 33.9659379,
    "lng": -84.5545941
  },
  "1530 Hoolana St, Pearl City, HI 96782-1698, USA": {
    "lat": 21.4050904,
    "lng": -157.963484
  },
  "46-500 Kuneki St, Kaneohe, HI 96744-3568, USA": {
    "lat": 21.4091511,
    "lng": -157.8198531
  },
  "352065 Old Mamalahoa Hwy, Laupahoehoe, HI 96764, USA": {
    "lat": 19.9802316,
    "lng": -155.2262617
  },
  "413 Avenue C, West Point, IA 52656-9451, USA": {
    "lat": 40.715307,
    "lng": -91.4535018
  },
  "1723 E F St, Moscow, ID 83843-9571, USA": {
    "lat": 46.7402033,
    "lng": -116.978832
  },
  "3415 W Arthington St, Chicago, IL 60624-4104, USA": {
    "lat": 41.8696741,
    "lng": -87.7117531
  },
  "4650 S Dearborn St, Chicago, IL 60609-4630, USA": {
    "lat": 41.8147565,
    "lng": -87.6273202
  },
  "7190 Bouse Rd, Glen Carbon, IL 62034-8538, USA": {
    "lat": 38.7428709,
    "lng": -89.9315824
  },
  "1095 Lake Cook Rd, Deerfield, IL 60015-5221, USA": {
    "lat": 42.1508961,
    "lng": -87.8537009
  },
  "1431 N North Park Ave, Chicago, IL 60610-1226, USA": {
    "lat": 41.9082226,
    "lng": -87.6364641
  },
  "5115 N Mont Clare Ave, Chicago, IL 60656-3601, USA": {
    "lat": 41.9739732,
    "lng": -87.8046327
  },
  "7400 W Touhy Ave, Chicago, IL 60631-4399, USA": {
    "lat": 42.0121779,
    "lng": -87.8121129
  },
  "2515 Palatine Rd, Inverness, IL 60067-4567, USA": {
    "lat": 42.1105028,
    "lng": -88.1048414
  },
  "1095 Gage St, Winnetka, IL 60093-1751, USA": {
    "lat": 42.116728,
    "lng": -87.745193
  },
  "180 Ridge Ave, Winnetka, IL 60093-3899, USA": {
    "lat": 42.0966183,
    "lng": -87.732187
  },
  "3425 Thornwood Ave, Glenview, IL 60026-1555, USA": {
    "lat": 42.0831345,
    "lng": -87.8422152
  },
  "445 N Benton St, Palatine, IL 60067-3584, USA": {
    "lat": 42.1191274,
    "lng": -88.0411833
  },
  "219 E 4Th St, Alton, IL 62002-6289, USA": {
    "lat": 38.8913225,
    "lng": -90.1825119
  },
  "5088 W Jackson Blvd, Chicago, IL 60644-4324, USA": {
    "lat": 41.8770539,
    "lng": -87.7528428
  },
  "11 S Buesching Rd, Lake Zurich, IL 60047-2596, USA": {
    "lat": 42.1965837,
    "lng": -88.0836304
  },
  "6230 N Lemont Ave, Chicago, IL 60646-4910, USA": {
    "lat": 41.9944831,
    "lng": -87.7449432
  },
  "319 Franklin St, Barrington, IL 60010-3215, USA": {
    "lat": 42.1556429,
    "lng": -88.1330255
  },
  "4440 W 83Rd St, Chicago, IL 60652-2111, USA": {
    "lat": 41.7420824,
    "lng": -87.7318924
  },
  "701 Locust Rd, Wilmette, IL 60091-2298, USA": {
    "lat": 42.0752962,
    "lng": -87.7445606
  },
  "2245 N Southport Ave, Chicago, IL 60614-3175, USA": {
    "lat": 41.9226814,
    "lng": -87.6631231
  },
  "601 Van Buren St, Oak Park, IL 60304-1300, USA": {
    "lat": 41.87428,
    "lng": -87.789333
  },
  "2520 S Western Ave, Chicago, IL 60608-4808, USA": {
    "lat": 41.8456619,
    "lng": -87.6858622
  },
  "422 S Washington St, Taylorville, IL 62568-2562, USA": {
    "lat": 39.5459575,
    "lng": -89.2960331
  },
  "2245 W Pershing Rd, Chicago, IL 60609-2211, USA": {
    "lat": 41.8225147,
    "lng": -87.6821329
  },
  "2570 S Blue Island Ave, Chicago, IL 60608-4895, USA": {
    "lat": 41.8455255,
    "lng": -87.6838543
  },
  "17100 69Th Ave, Tinley Park, IL 60477-3412, USA": {
    "lat": 41.580371,
    "lng": -87.787917
  },
  "1574 Sherman Ave, Evanston, IL 60201-4422, USA": {
    "lat": 42.0463385,
    "lng": -87.681967
  },
  "1 Carmel Pkwy, Mundelein, IL 60060-2499, USA": {
    "lat": 42.274386,
    "lng": -87.987063
  },
  "2456 N Mango Ave, Chicago, IL 60639-2313, USA": {
    "lat": 41.9253235,
    "lng": -87.7700097
  },
  "2744 W Pershing Rd, Chicago, IL 60632-1631, USA": {
    "lat": 41.8230772,
    "lng": -87.694177
  },
  "2510 W Cortez St, Chicago, IL 60622-3422, USA": {
    "lat": 41.9005281,
    "lng": -87.6898478
  },
  "5050 S Homan Ave, Chicago, IL 60632-3059, USA": {
    "lat": 41.8013119,
    "lng": -87.7099499
  },
  "5025 S Saint Louis Ave, Chicago, IL 60632-3159, USA": {
    "lat": 41.8020542,
    "lng": -87.7107606
  },
  "4248 W 47Th St, Chicago, IL 60632-4402, USA": {
    "lat": 41.8090693,
    "lng": -87.7307918
  },
  "5135 S California Ave, Chicago, IL 60632-2124, USA": {
    "lat": 41.8000145,
    "lng": -87.6936351
  },
  "2050 N Natchez Ave, Chicago, IL 60707-3420, USA": {
    "lat": 41.9177455,
    "lng": -87.7883494
  },
  "4420 S Fairfield Ave, Chicago, IL 60632-1937, USA": {
    "lat": 41.8132731,
    "lng": -87.6933901
  },
  "2916 W 47Th St, Chicago, IL 60632-1907, USA": {
    "lat": 41.8085028,
    "lng": -87.6972725
  },
  "2845 W Barry Ave, Chicago, IL 60618-7015, USA": {
    "lat": 41.9372963,
    "lng": -87.6995537
  },
  "1641 W 16Th St, Chicago, IL 60608-2039, USA": {
    "lat": 41.8589906,
    "lng": -87.6678643
  },
  "7416 N Ridge Blvd, Chicago, IL 60645-1919, USA": {
    "lat": 42.0165474,
    "lng": -87.6849799
  },
  "2651 W 23Rd St, Chicago, IL 60608-3609, USA": {
    "lat": 41.8500475,
    "lng": -87.6917382
  },
  "221 Park Pl, Libertyville, IL 60048-2241, USA": {
    "lat": 42.2842403,
    "lng": -87.9517434
  },
  "9240 S Hoyne Ave, Chicago, IL 60643-6325, USA": {
    "lat": 41.725317,
    "lng": -87.6748851
  },
  "6515 S Ashland Ave, Chicago, IL 60636-3003, USA": {
    "lat": 41.7751872,
    "lng": -87.663452
  },
  "5401 S Western Blvd, Chicago, IL 60609-5438, USA": {
    "lat": 41.7953639,
    "lng": -87.6825381
  },
  "7212 N Clark St, Chicago, IL 60626-2416, USA": {
    "lat": 42.0137239,
    "lng": -87.6752921
  },
  "3960 Meadows Dr, Indianapolis, IN 46205-3114, USA": {
    "lat": 39.8297425,
    "lng": -86.1145541
  },
  "2904 S Main St, Goshen, IN 46526-5499, USA": {
    "lat": 41.5844291,
    "lng": -85.8344783
  },
  "7400 E State Blvd, Fort Wayne, IN 46815-6502, USA": {
    "lat": 41.1055593,
    "lng": -85.0460742
  },
  "7300 Forest Ridge Dr, Schererville, IN 46375-3350, USA": {
    "lat": 41.486945,
    "lng": -87.399654
  },
  "1601 Saint Joe River Dr, Fort Wayne, IN 46805-1488, USA": {
    "lat": 41.1099699,
    "lng": -85.1176881
  },
  "52553 Fir Rd, Granger, IN 46530-9162, USA": {
    "lat": 41.7310486,
    "lng": -86.1597609
  },
  "17 E Saint Louis Pl, Batesville, IN 47006-1397, USA": {
    "lat": 39.2960278,
    "lng": -85.224726
  },
  "1015 E Dayton St, South Bend, IN 46613-2895, USA": {
    "lat": 41.6561437,
    "lng": -86.2362647
  },
  "1311 S Logan St, Mishawaka, IN 46544-4798, USA": {
    "lat": 41.6496633,
    "lng": -86.1988141
  },
  "7435 N Keystone Ave, Indianapolis, IN 46240-4367, USA": {
    "lat": 39.8899225,
    "lng": -86.1209493
  },
  "3698 Dubarry Rd, Indianapolis, IN 46226-6048, USA": {
    "lat": 39.8240586,
    "lng": -86.0156406
  },
  "4020 Meadows Pkwy, Indianapolis, IN 46205-2984, USA": {
    "lat": 39.8303367,
    "lng": -86.1140337
  },
  "4575 W 38Th St, Indianapolis, IN 46254-3313, USA": {
    "lat": 39.8241522,
    "lng": -86.2363655
  },
  "8101 W Central Ave, Wichita, KS 67212-3699, USA": {
    "lat": 37.6941366,
    "lng": -97.4365612
  },
  "4200 Lime Kiln Ln, Louisville, KY 40222-5999, USA": {
    "lat": 38.3128449,
    "lng": -85.6453833
  },
  "2500 Amsterdam Rd, Ft Mitchell, KY 41017-3798, USA": {
    "lat": 39.0640817,
    "lng": -84.5545447
  },
  "307 S Church St, Morganfield, KY 42437-1608, USA": {
    "lat": 37.6816853,
    "lng": -87.9219933
  },
  "3175 Lexington Rd, Louisville, KY 40206-3097, USA": {
    "lat": 38.2505417,
    "lng": -85.6739403
  },
  "2250 Clays Mill Rd, Lexington, KY 40503-1797, USA": {
    "lat": 38.0174074,
    "lng": -84.5349269
  },
  "425 Kenwood Dr, Louisville, KY 40214-2897, USA": {
    "lat": 38.1639158,
    "lng": -85.7739701
  },
  "5144 Dixie Hwy, Louisville, KY 40216-1798, USA": {
    "lat": 38.1652016,
    "lng": -85.8326188
  },
  "2402 Amsterdam Rd, Villa Hills, KY 41017-5333, USA": {
    "lat": 39.0658125,
    "lng": -84.5870781
  },
  "3105 Lexington Rd, Louisville, KY 40206-3061, USA": {
    "lat": 38.2500308,
    "lng": -85.6783078
  },
  "3107 Lexington Rd, Louisville, KY 40206-3061, USA": {
    "lat": 38.2495089,
    "lng": -85.6768373
  },
  "309 W Stephen Foster Ave, Bardstown, KY 40004-1445, USA": {
    "lat": 37.8100956,
    "lng": -85.4712759
  },
  "848 Saint John St, Lafayette, LA 70501-6799, USA": {
    "lat": 30.2241139,
    "lng": -92.0240627
  },
  "10021 Jefferson Hwy, New Orleans, LA 70123-2498, USA": {
    "lat": 29.9643401,
    "lng": -90.1309647
  },
  "708 Angers St, New Iberia, LA 70563-1936, USA": {
    "lat": 30.0102579,
    "lng": -91.8002221
  },
  "5500 Paris Ave, New Orleans, LA 70122-2699, USA": {
    "lat": 30.0140198,
    "lng": -90.0760265
  },
  "4787 Highway 151, Downsville, LA 71234-5145, USA": {
    "lat": 32.6245873,
    "lng": -92.4129287
  },
  "1407 Virgil St, Gretna, LA 70053-2340, USA": {
    "lat": 29.926848,
    "lng": -90.0423604
  },
  "1000 Burmaster St, Gretna, LA 70053-2246, USA": {
    "lat": 29.9291492,
    "lng": -90.044981
  },
  "3400 6Th St, Harvey, LA 70058-2710, USA": {
    "lat": 29.9033766,
    "lng": -90.086656
  },
  "2301 Marengo St, New Orleans, LA 70115-6253, USA": {
    "lat": 29.934132,
    "lng": -90.0985704
  },
  "100 Savin Hill Ave, Dorchester, MA 02125-1431, USA": {
    "lat": 42.3122546,
    "lng": -71.0539704
  },
  "979 Mary Dunn Rd, Barnstable, MA 02630-1807, USA": {
    "lat": 41.6845816,
    "lng": -70.2822108
  },
  "96 Concord Ave, Cambridge, MA 02138-2399, USA": {
    "lat": 42.3824671,
    "lng": -71.1307048
  },
  "45 Broad St, Weymouth, MA 02188-1772, USA": {
    "lat": 42.2146168,
    "lng": -70.9646393
  },
  "1035 Canterbury St, Roslindale, MA 02131-4699, USA": {
    "lat": 42.2787616,
    "lng": -71.1221183
  },
  "500 Slocum Rd, North Dartmouth, MA 02747-2999, USA": {
    "lat": 41.6365339,
    "lng": -70.9678926
  },
  "180 Middlesex Rd, Tyngsboro, MA 01879-1598, USA": {
    "lat": 42.6975703,
    "lng": -71.4187294
  },
  "203 Lawrence St, Methuen, MA 01844-3849, USA": {
    "lat": 42.7264817,
    "lng": -71.1789556
  },
  "515 Belleville Ave, New Bedford, MA 02746-2462, USA": {
    "lat": 41.6655736,
    "lng": -70.9231034
  },
  "101 Nye St, New Bedford, MA 02746-1733, USA": {
    "lat": 41.6597474,
    "lng": -70.9298977
  },
  "15 Webster Ave, Somerville, MA 02143-3311, USA": {
    "lat": 42.3787268,
    "lng": -71.0966442
  },
  "1 Commercial St, Adams, MA 01220-2006, USA": {
    "lat": 42.6196223,
    "lng": -73.1212356
  },
  "58 Circuit St, Roxbury, MA 02119-1925, USA": {
    "lat": 42.3239852,
    "lng": -71.0877388
  },
  "25 Arlington St, Brighton, MA 02135-2197, USA": {
    "lat": 42.3524184,
    "lng": -71.1529635
  },
  "9130 Frederick Rd, Ellicott City, MD 21042-3912, USA": {
    "lat": 39.2731099,
    "lng": -76.8284532
  },
  "8936 S Mackinac Trl, Sault Sainte Marie, MI 49783-8903, USA": {
    "lat": 46.4629022,
    "lng": -84.3727072
  },
  "13900 Masonic Blvd, Warren, MI 48088-1417, USA": {
    "lat": 42.529229,
    "lng": -82.9854814
  },
  "660 S Water St, Marine City, MI 48039-3601, USA": {
    "lat": 42.7122571,
    "lng": -82.49519
  },
  "24040 Raphael Rd, Farmington Hills, MI 48336-1752, USA": {
    "lat": 42.4679791,
    "lng": -83.3682009
  },
  "11311 Hubbard St, Livonia, MI 48150-2763, USA": {
    "lat": 42.3662506,
    "lng": -83.3624044
  },
  "19800 Beech Daly Rd, Redford, MI 48240-1348, USA": {
    "lat": 42.4349615,
    "lng": -83.2960127
  },
  "18977 Schaefer Hwy, Detroit, MI 48235-1762, USA": {
    "lat": 42.4300449,
    "lng": -83.1808122
  },
  "21450 Universal Ave, Eastpointe, MI 48021-2969, USA": {
    "lat": 42.4563477,
    "lng": -82.957443
  },
  "7707 Conference Center Dr, Brighton, MI 48114-7334, USA": {
    "lat": 42.5521619,
    "lng": -83.7979389
  },
  "23777 Southfield Rd, Southfield, MI 48075-3458, USA": {
    "lat": 42.4605178,
    "lng": -83.2200249
  },
  "2083 E Grand Blanc Rd, Grand Blanc, MI 48439-2700, USA": {
    "lat": 42.9220583,
    "lng": -83.6376987
  },
  "215 N State St, Big Rapids, MI 49307-1444, USA": {
    "lat": 43.6999693,
    "lng": -85.4841443
  },
  "26555 Franklin Rd, Southfield, MI 48033-5340, USA": {
    "lat": 42.4837331,
    "lng": -83.2886146
  },
  "2985 E Jefferson Ave, Detroit, MI 48207-4288, USA": {
    "lat": 42.3406677,
    "lng": -83.0181895
  },
  "18211 Plymouth Rd, Detroit, MI 48228-1142, USA": {
    "lat": 42.372146,
    "lng": -83.2182748
  },
  "380 W Blanchard Rd, Shepherd, MI 48883-9552, USA": {
    "lat": 43.5243368,
    "lng": -84.7034227
  },
  "27300 Dequindre Rd, Warren, MI 48092-2870, USA": {
    "lat": 42.49283,
    "lng": -83.085072
  },
  "28501 Lorraine Ave, Warren, MI 48093-8202, USA": {
    "lat": 42.503962,
    "lng": -83.0185486
  },
  "9477 Decatur Dr N, Brooklyn Park, MN 55445-3400, USA": {
    "lat": 45.1263496,
    "lng": -93.3999328
  },
  "4141 University Ave Ne, Minneapolis, MN 55421-2724, USA": {
    "lat": 45.0325082,
    "lng": -93.2627359
  },
  "169 Jenks Ave, Saint Paul, MN 55117-5068, USA": {
    "lat": 44.971134,
    "lng": -93.094019
  },
  "19795 Holyoke Ave, Lakeville, MN 55044-8816, USA": {
    "lat": 44.6619303,
    "lng": -93.2457779
  },
  "621 3Rd St S, Stillwater, MN 55082-4997, USA": {
    "lat": 45.0505872,
    "lng": -92.8059433
  },
  "3500 E 28Th St, Minneapolis, MN 55406-1760, USA": {
    "lat": 44.9526107,
    "lng": -93.221749
  },
  "2101 E 26Th St, Minneapolis, MN 55404-4102, USA": {
    "lat": 44.9547525,
    "lng": -93.2411584
  },
  "7525 Kalland Ave Ne, Albertville, MN 55301-9690, USA": {
    "lat": 45.2370378,
    "lng": -93.6675012
  },
  "1800 14Th St Ne, Faribault, MN 55021-2508, USA": {
    "lat": 44.309666,
    "lng": -93.262837
  },
  "332 W Michigan St, Duluth, MN 55802-1618, USA": {
    "lat": 46.7833739,
    "lng": -92.101691
  },
  "7735 2Nd Ave S, Minneapolis, MN 55423-4242, USA": {
    "lat": 44.893133,
    "lng": -93.2743876
  },
  "8505 E 99Th St, Kansas City, MO 64134-1809, USA": {
    "lat": 38.94432,
    "lng": -94.4912699
  },
  "1731 S Broadway, Saint Louis, MO 63104-4050, USA": {
    "lat": 38.6090743,
    "lng": -90.2006368
  },
  "6576 Smiley Ave, Saint Louis, MO 63139-2425, USA": {
    "lat": 38.6067953,
    "lng": -90.3013459
  },
  "1508 Bopp Rd, Saint Louis, MO 63131-4137, USA": {
    "lat": 38.6095626,
    "lng": -90.4335207
  },
  "248 New Ballwin Rd, Ballwin, MO 63021-4720, USA": {
    "lat": 38.584537,
    "lng": -90.5569906
  },
  "1850 De La Salle Dr, Saint Louis, MO 63141-8661, USA": {
    "lat": 38.6398101,
    "lng": -90.4605099
  },
  "701 N Spring Ave, Saint Louis, MO 63108-3603, USA": {
    "lat": 38.6421005,
    "lng": -90.2351454
  },
  "5850 Eichelberger St, Saint Louis, MO 63109-3494, USA": {
    "lat": 38.580867,
    "lng": -90.2957539
  },
  "425 S Lindbergh Blvd, Saint Louis, MO 63131-2799, USA": {
    "lat": 38.6491979,
    "lng": -90.4074804
  },
  "1100 White Rd, Chesterfield, MO 63017-2976, USA": {
    "lat": 38.6540022,
    "lng": -90.5216352
  },
  "711 N Grand Blvd, Saint Louis, MO 63103-1010, USA": {
    "lat": 38.6406611,
    "lng": -90.2308262
  },
  "4235 S Compton Ave, Saint Louis, MO 63111-1129, USA": {
    "lat": 38.5797217,
    "lng": -90.2400569
  },
  "5421 Thekla Ave, Saint Louis, MO 63120-2513, USA": {
    "lat": 38.695651,
    "lng": -90.246066
  },
  "310 N 15Th St, Saint Louis, MO 63103-2378, USA": {
    "lat": 38.6311247,
    "lng": -90.2007479
  },
  "3017 N 13Th St, Saint Louis, MO 63107-3924, USA": {
    "lat": 38.6539158,
    "lng": -90.1965369
  },
  "5049 Fyler Ave, Saint Louis, MO 63139-1103, USA": {
    "lat": 38.6003502,
    "lng": -90.2753533
  },
  "6651 Gravois Ave, Saint Louis, MO 63116-1125, USA": {
    "lat": 38.5722109,
    "lng": -90.2836278
  },
  "2700 Davis St, Meridian, MS 39301-5707, USA": {
    "lat": 32.362813,
    "lng": -88.705286
  },
  "1217 Hattiesburg St, Jackson, MS 39209-7411, USA": {
    "lat": 32.2972372,
    "lng": -90.2203547
  },
  "1501 V F W Rd, Greenville, MS 38701-8361, USA": {
    "lat": 33.3563083,
    "lng": -91.0278509
  },
  "150 Florence Ave, Clarksdale, MS 38614-2720, USA": {
    "lat": 34.2105294,
    "lng": -90.5710139
  },
  "1585 Mannsdale Rd, Madison, MS 39110-8298, USA": {
    "lat": 32.4802965,
    "lng": -90.1504948
  },
  "223 N Browder St, Columbus, MS 39702-5202, USA": {
    "lat": 33.4995242,
    "lng": -88.3849447
  },
  "5202 Watkins Dr, Jackson, MS 39206-2632, USA": {
    "lat": 32.3781745,
    "lng": -90.192746
  },
  "100 Holly Dr, Jackson, MS 39206-6037, USA": {
    "lat": 32.3540354,
    "lng": -90.1559976
  },
  "1291 Crosby Rd, Cleveland, MS 38732-9798, USA": {
    "lat": 33.761333,
    "lng": -90.7639517
  },
  "1900 Grove St, Vicksburg, MS 39183-3105, USA": {
    "lat": 32.350299,
    "lng": -90.867402
  },
  "1605 E Reed Rd, Greenville, MS 38703-7230, USA": {
    "lat": 33.3855466,
    "lng": -91.0249679
  },
  "2502 Salome Church Rd, Charlotte, NC 28262-0451, USA": {
    "lat": 35.3347397,
    "lng": -80.718467
  },
  "2045 Suttle Ave, Charlotte, NC 28208-5235, USA": {
    "lat": 35.2267742,
    "lng": -80.8712017
  },
  "1058 Island Creek Rd, Lake Lure, NC 28746-0498, USA": {
    "lat": 35.4077701,
    "lng": -82.193078
  },
  "520 W Holding Ave, Wake Forest, NC 27587-2845, USA": {
    "lat": 35.9740426,
    "lng": -78.5251344
  },
  "1013 Eastwood Rd, Wilmington, NC 28403-1905, USA": {
    "lat": 34.236146,
    "lng": -77.845554
  },
  "5160 Packhouse Rd, Wilson, NC 27896-7920, USA": {
    "lat": 35.7817244,
    "lng": -77.9738273
  },
  "4512 Pope Rd, Durham, NC 27707-9726, USA": {
    "lat": 35.9335721,
    "lng": -78.9997
  },
  "3020 Ligon St, Raleigh, NC 27607-5308, USA": {
    "lat": 35.789187,
    "lng": -78.6909805
  },
  "1101 Buck Jones Rd, Raleigh, NC 27606-3324, USA": {
    "lat": 35.7682254,
    "lng": -78.739515
  },
  "1380 N Martin Luther King Jr Dr, Winston Salem, NC 27101-3035, USA": {
    "lat": 36.1045039,
    "lng": -80.243498
  },
  "107 S Driver St, Durham, NC 27703-4133, USA": {
    "lat": 35.9852175,
    "lng": -78.8772672
  },
  "13440 Lucia Riverbend Hwy, Mount Holly, NC 28120-9766, USA": {
    "lat": 35.3594796,
    "lng": -80.9877285
  }
}